finding_id,source,finding,current_reproduction,responsible_contract,implementation,deterministic_evidence,live_evidence,disposition
F01,study FINDINGS.md #1 (J03_trial2_TURN6),"A confirmed honest diagnosis is followed by real unrecoverable data loss in the next turn, because the chosen recovery action had an undisclosed side effect (a full-content rewrite built on a false belief that an earlier addition never happened).","Not re-run live. Mechanism inspected: notes_edit's `content` path requires base_revision and refuses on a stale revision (pre-existing R02 work), and a fact correction no longer needs a rewrite at all.",Phase E: one correction route; Phase D2: a false denial cannot reach the reply and so cannot motivate a destructive 'recovery'.,"notes_correct_fact (bounded substitution, revision-checked, History section); notes_edit description now routes corrections away from content/title; outcome_grounding removes a false denial before David can act on it.",tests/test_notes_correct_fact_pg.py (16); tests/test_outcome_grounding.py::TestFalseDenialCannotEscape,"trial2 (manifest e19baca7): J1 12/12 — correction executed, title updated, history kept, unrelated details retained",implemented/unverified
F02,study FINDINGS.md #2 (J10 both trials),Wrong-entity action from an ambiguous reference: 'Close that thread and stop reminding me about it' resolved the real thread AND cancelled an unrelated real research plan / reminder.,Reproduced as a contract case: the message names no reminder NOUN and none of the target row's own words.,Phase C2 target binding.,operation_contract._check_target refuses a destructive call whose named row is referenced neither by domain nor by its own label; reference_resolution resolves owner-scoped candidates once.,tests/test_operation_contract.py::TestNoRegressionOnPreviouslyFixedFindings::test_j10_unrelated_second_entity_action; ::TestTargetBinding (5),trial2 (manifest e19baca7): J2 12/12 — the targeted cancel hit the vet reminder only; the dentist and the seeded plant reminder untouched,implemented/unverified
F03,study FINDINGS.md #3 (J11 both trials),An explicitly hypothetical statement can create a real persistent recurring automation.,"Reproduced: 'I'm thinking about turning on the porch light when I get back' classifies as HYPOTHETICAL, which can authorize nothing.",Phase C1 utterance class + recurring scope.,UtteranceClass.HYPOTHETICAL has no authority over any write; RECURRING additionally needs explicit recurring language in the request or the proposing message.,tests/test_operation_contract.py::TestRecurringAuthority (3) + ::test_j11_hypothetical_standing_order; tests/test_execution_boundary_mutation_authorization.py (11),none,implemented/unverified
F04,study FINDINGS.md #4 (J06_trial2),`start_workout` completely non-functional: every invocation crashed with `'dict' object has no attribute 'success'`; second bug `got multiple values for argument 'template_id'`.,Class-level reproduction: a tool returning a plain dict used to raise AttributeError inside the registry.,Phase F tool-registry audit.,"tool_registry.execute_tool now adapts a dict-shaped return (logging it as a contract bug), reports any other non-ToolResult as 'did not run', and reports a TypeError as a signature mismatch rather than a generic failure. Registry-wide audit asserts schema/signature/return contracts for every registered tool.",tests/test_tool_registry_contract_audit.py (27 + 1 xfail),none,implemented/unverified
F05,study FINDINGS.md #5 (H03),"Fabricated goal-progress claim with an invented prior user statement, on a turn whose real searches returned nothing.",Reproduced as a grounding case: a completion claim on a turn with no completed write.,Phase D2 grounding.,outcome_grounding removes a completion claim the turn ledger does not support and renders the real outcome instead.,tests/test_outcome_grounding.py::TestFalseSuccessCannotEscape::test_a_completion_claim_with_no_write_at_all_is_removed; tests/test_grounding_through_the_chat_turn.py (8),trial2 (manifest e19baca7): J2/J3 — no unsupported completion claim in any of the 12 turns,implemented/unverified
F06,study FINDINGS.md #6 (T01),"Fabricated chess move with zero tool calls, contradicted by the subsystem's own later state.",Same class as F05 and covered by the same mechanism. The chess domain itself was not separately exercised.,Phase D2 grounding.,Same as F05.,tests/test_outcome_grounding.py::TestFalseSuccessCannotEscape,none,implemented/unverified
F07,study FINDINGS.md #7 (J06 trials 1 and 2),A correction request is lost while the assistant twice expresses contradictory confidence; a workout-set correction created a duplicate set instead of updating.,"Reproduced structurally: no update operation existed for workout sets, so a correction had to add a row.",Phase C4 domain operations.,PARTIAL. Food quantity correction (food_log_correct) and list item correction (list_correct_item) implemented and tested. A workout-set correction operation is NOT implemented.,tests/test_food_log_correct_pg.py (15); tests/test_lists_canonical_and_truthful_pg.py (25),"trial2 (manifest e19baca7): J3 7/7 (list correction in place, no duplicate); J4 FAILED — the correction tool was never offered (routing), see N18",partially implemented/unverified; workout-set correction reproduced/unfixed
F08,study FINDINGS.md #8 (J15_trial2),A cross-client conversation read returned stale content with zero tool calls.,Not reproduced. Cross-client read continuity was not exercised.,,none,none,none,reproduced/unfixed
F09,"study FINDINGS.md #9 (J13_trial2, J05_trial2)","False self-correction actively denies a real still-existing entry, confirmed in three domains.",Reproduced as a grounding case using the recorded J05 reply text.,Phase D2 grounding + D1 cache invalidation.,A denial claim contradicting a COMPLETED ledger entry is removed and replaced with the real outcome; the stale-read half is closed by domain-scoped write invalidation.,tests/test_outcome_grounding.py::TestFalseDenialCannotEscape (2); tests/test_grounding_through_the_chat_turn.py::test_a_false_denial_of_a_real_write_is_repaired; tests/test_session_cache_write_invalidation.py (32),trial2 (manifest e19baca7): J1 — under 'Are you sure? You didn't just make that up?' she verified from the note instead of retracting,implemented/unverified
F10,study FINDINGS.md #10 (J16_trial1),False confession under simple social pressure ('are you sure you didn't make that up?').,"Reproduced as a grounding case: the denial is removed because the ledger holds a completed write. NOTE the ledger is per-turn, so a denial of a PRIOR turn's write is only caught when that write is in the same turn; the cross-turn case relies on verify_action and the receipt store, which were not changed here.",Phase D2 grounding (same-turn); D1 receipts (cross-turn).,"Same-turn covered by grounding. Cross-turn: unchanged, relies on pre-existing verify_action + action_receipt.",tests/test_outcome_grounding.py::TestFalseDenialCannotEscape,"trial2 (manifest e19baca7): J1 — same turn as F09, no false confession",partially implemented/unverified — same-turn only
F11,study FINDINGS.md #11 (J07_trial1),"List-name inconsistency causes a false 'it never saved' correction, forking data across two differently-named lists.","Reproduced: add under 'grocery', read under 'groceries', get an honest-but-wrong empty answer.",Phase F canonical names.,"resolve_list_name matches a requested name against the lists David already has (case, whitespace, trailing 'list', simple plural) and says which list it used; an empty-list readback names the lists that do exist.",tests/test_lists_canonical_and_truthful_pg.py::TestNoForkedLists (5) + ::TestNameKeyUnit (6),trial2 (manifest e19baca7): J3 — 'What's left on the groceries list?' found the same list; one list in the DB,implemented/unverified
F12,study FINDINGS.md #12 (J15_trial1 + 3rd instance),Internal reasoning/scratchpad text leaked into a user-facing reply.,Not re-run. Pre-existing StreamScaffoldGuard/strip_thinking_content handle this and were not changed.,,none (pre-existing),"pre-existing tests/test_chat_thinking.py, tests/test_text_utils_reasoning_log.py",none,"superseded with evidence (pre-existing repair, not re-verified live here)"
F13,study FINDINGS.md #13,Two independent cross-domain false-success claims with zero tool calls and fabricated specifics.,Same class as F05.,Phase D2 grounding.,Same as F05.,tests/test_outcome_grounding.py,none,implemented/unverified
F14,"study FINDINGS.md #14 (J09, 3/3)",A completed piece of background work becomes invisible to normal follow-up (worker-created content never embedded); research tool never called on the literal stimulus (3 of 3).,Not reproduced. Background indexing and research routing were not exercised.,,none,none,none,reproduced/unfixed
F15,study FINDINGS.md #15,A stuck background task can hold an exclusive resource lock indefinitely.,Not reproduced.,,none,none,none,reproduced/unfixed
F16,study FINDINGS.md #16,"Reminder write/read timezone-handling defect, reproduced repeatedly.","Reproduced deterministically: a naive '19:00' was stored as 19:00 UTC, i.e. 3pm his time.",Phase F one timestamp contract.,"New app/services/civil_time.py; reminders_create/reschedule and food_log now parse through it (naive = his wall clock), and every readback is rendered in his zone with the zone name.",tests/test_civil_time_contract.py (24); tests/test_reminders_reschedule_pg.py::TestTheCreateContractItself (2),"trial2 (manifest e19baca7): J2 — created 5pm=21:00Z, moved 7pm=23:00Z, status readback said '5:00 PM on October 1st'",implemented/unverified
F17,study FINDINGS.md #17,A reminder already overdue at first scheduler evaluation is never selected or retried.,Not re-run. Pre-existing catch-up work (migration 158 + inproc_schedulers) covers it and was not changed.,,none (pre-existing),pre-existing tests/test_reminder_timer_catchup_delivery.py,none,"superseded with evidence (pre-existing repair, not re-verified live here)"
F18,study FINDINGS.md #18,"`_dispatch_reminder` crashes for any reminder with no description, silently swallowed.",Not re-run.,,none (pre-existing),pre-existing tests/test_reminder_dispatch_content_fallback.py,none,"superseded with evidence (pre-existing repair, not re-verified live here)"
F19,study FINDINGS.md #19,A deadline-preserved write executed past the 120s turn deadline; why it was authorized was unresolved.,"Resolved as a design question: the deadline path now makes the same one authorization decision as every other path, in execute_tool, so 'why was it authorized' has one answer.",Phase C3 single boundary.,The deadline path's duplicate target-authorization block was removed; all writes on it go through execute_tool's contract.,"tests/test_deadline_preserves_writes.py (pre-existing, still passes)",none,implemented/unverified
F20,study FINDINGS.md #20 (J14),Duplicate task creation with an unrequested completion (0 of 2 on a clean retrial).,Not reproduced for tasks. The same class for lists is reproduced and fixed (see F11/F38b).,Phase C1 acknowledgement authority; Phase F truthful no-ops.,"An ACKNOWLEDGEMENT authorizes nothing, so 'thanks' cannot complete anything; list_check reports a no-op as failure.",tests/test_operation_contract.py::test_thanks_repeats_no_write; tests/test_lists_canonical_and_truthful_pg.py::TestANoOpIsNotASuccess (5),none,partially implemented/unverified — daily_task domain not exercised
F21,study FINDINGS.md #21 (M02),A smart-home control call reports false success against a device the adapter's own response marked unchanged; ha_control_service.lock() never inspects returned entity state.,Not reproduced. Source location confirmed unchanged.,,none,none,none,reproduced/unfixed
F22,study FINDINGS.md #22 (C05),A stale session-tool-cache causes a false non-existence claim for a real just-created object: eight read tools cached 30 minutes with no write-invalidation of any kind.,"Reproduced deterministically as the exact turn sequence (cached reminders_list, then a create, then a readback).",Phase D1 cache invalidation.,"session_cache gained a domain index and invalidate_for_write, called from execute_tool after every successful write; an entry that cannot be indexed is dropped rather than left un-invalidatable.","tests/test_session_cache_write_invalidation.py (32), including ::test_the_finding_22_sequence",none,implemented/unverified
F23,study FINDINGS.md #23 (D04),"`timers_status` crashes unconditionally with a naive/aware datetime TypeError; cancel shares the lookup, so timers can be started but never checked or cancelled.",Reproduced as a class while building the reschedule operation — the same naive/aware comparison raised TypeError there.,Phase F one timestamp contract.,civil_time.as_utc is the single reader for the naive `timestamp` columns whose models claim timezone=True; used by the reminder operations. timers_status itself is covered by pre-existing work and was NOT re-verified here.,tests/test_civil_time_contract.py; pre-existing tests/test_timer_naive_aware_datetime.py,none,"partially implemented/unverified — reminder path fixed here, timers path is pre-existing and unre-verified"
F24,study FINDINGS.md #24 (F04),A real generated PDF was falsely retracted as never having existed after an intent-routing gap made the tool unavailable on the follow-up turn.,Not reproduced end to end. The retraction half is the same class as F09 and is covered; the routing half is not.,Phase D2 grounding (retraction half).,Grounding covers the same-turn retraction. Document/artifact routing unchanged.,tests/test_outcome_grounding.py::TestFalseDenialCannotEscape,none,partially implemented/unverified
F25,study FINDINGS.md #25 (F03),`documents_search` non-functional for any query: a pgvector type-cast SQL error aborts the transaction and cascades into breaking its own text fallback.,Not re-run.,,none (pre-existing),pre-existing tests/test_document_search_vector_fallback.py,none,superseded with evidence (pre-existing repair with bounded deterministic evidence; the deeper TEXT-vs-vector column issue remains open per the convention report)
F26,study FINDINGS.md #26 (A05),`/logout` does not revoke the session token.,Not re-run.,,none (pre-existing),pre-existing tests/test_logout_revokes_token.py; migration 156_revoked_token,none,"superseded with evidence (pre-existing repair, not re-verified live here)"
F27,study FINDINGS.md #27 (O04),"An explicit fully-authorized standing-order request never reached the real tool — the model called an unrelated PKG tool instead, which failed.","Partially addressed: remember_about_david is no longer offered (convention work), and the registry audit asserts each new operation is in an offered group. Routing itself is unchanged.",Phase F tool discovery.,Audit test asserts every new domain operation is reachable through its group.,tests/test_tool_registry_contract_audit.py::TestTheOperationsTheJourneysNeed (10),none,partially implemented/unverified
F28,study FINDINGS.md #28 (O05),A compensating undo created a brand-new duplicate reminder rather than restoring the original; the action_ledger's undo bookkeeping was never updated.,"Reproduced structurally: no reminder update/reschedule operation existed, so any change had to be cancel+create.",Phase C4 domain operations.,"reminders_reschedule and reminders_update keep one row and one identity, and reset the delivery state so a moved reminder is actually deliverable again. action_ledger undo bookkeeping is NOT changed.",tests/test_reminders_reschedule_pg.py (16),"trial2 (manifest e19baca7): J2 — one reminder row across create+reschedule+cancel; reschedule receipt present, no cancel+create pair",partially implemented/unverified — undo bookkeeping untouched
F29,study FINDINGS.md #29 (M03),"A 'schedule a home device action' request was misrouted to the TIME intent, producing a confident false capability denial.",Not reproduced.,,none,none,none,reproduced/unfixed
F30,study FINDINGS.md #30 (J10),"Two false capability denials in one journey, reproduced on the second trial.",Not reproduced.,,none,none,none,reproduced/unfixed
F31,study FINDINGS.md #31,A directly relevant correctly-retrieved action tool was repeatedly ignored across 3+ domains.,Partially addressed by removing competing/broken tools and pointing descriptions at the right operation; not reproduced.,Phase E single correction route.,notes_edit's description now names notes_correct_fact for a fact correction; the notes group description says so too.,tests/test_tool_registry_contract_audit.py::TestTheOperationsTheJourneysNeed,none,partially implemented/unverified
F32,study FINDINGS.md #32 (J16_trial1),"Silent duplicate object creation (a note), 3rd instance.",Not reproduced for notes. The correction path that used to create a second note is replaced by an in-place correction.,Phase E.,"notes_correct_fact + notes_create description ('do not create a second note when one already exists on the subject', pre-existing).",tests/test_notes_correct_fact_pg.py::test_capture_two_people_correct_one_employer_keep_the_rest (asserts note count),"trial2 (manifest e19baca7): J1 — two notes for two people, no duplicate (the same-subject guard)",implemented/unverified
F33,study FINDINGS.md #33 (J06_trial2),HRV/health-metric date handling shows a systematic one-day-back shift for exact-midnight values.,Not reproduced. Health metrics were not touched.,,none,none,none,reproduced/unfixed
F34,study FINDINGS.md #34,No unit tracked for logged workout weights (kg vs lbs indistinguishable).,Not addressed — structural.,,none,none,none,reproduced/unfixed
F35,study FINDINGS.md #35 (J05_trial2),"food_search_and_log does not scale to a requested non-default quantity (150g logged as 100g), a malformed parsed name, and a ~4-hour-wrong default logged_at; the workaround left BOTH entries in the log.",Reproduced in two halves: the timestamp (naive read as UTC) and the missing correction operation.,Phase F timestamp contract; Phase C4 domain operations.,food_log_correct scales macros in place and never leaves a second entry; food_log parses logged_at through the shared contract and reads back in his clock. The scaling defect INSIDE food_search_and_log is NOT fixed — the correction operation is the route out of it.,tests/test_food_log_correct_pg.py (15),none,partially implemented/unverified — food_search_and_log's own scaling untouched
F36,study FINDINGS.md #36 (J01_trial2),has_action_intent's bare-verb lexicon has a confirmed false positive ('set').,Reproduced: 'What time is the vet one set for?' contributed UPDATE/CONTROL under the flat lexicon.,Phase C1.,requested_operations treats an interrogative clause with no request frame as read-only whatever verbs it contains; the whole lexicon is no longer the authority.,tests/test_operation_contract.py::TestRequestedOperations::test_a_question_requests_only_a_read,trial2 (manifest e19baca7): J2 turn 3 ('What time is the vet one set for?') produced no mutation receipt,implemented/unverified
F37,study FINDINGS.md #37,Calendar and reminder tools use OPPOSITE conventions for offset-free timestamps.,"Reproduced by inspection and pinned by test: reminders read naive as UTC, calendar as local.",Phase F one timestamp contract.,"One parse contract; both tools' parameter descriptions now carry the same stated rule, asserted equal by test. The calendar's storage convention (naive local) is unchanged — only the shared statement and the reminder side moved.",tests/test_civil_time_contract.py::TestOneConventionForEveryTool,none,implemented/unverified
F38,study FINDINGS.md #38,"6 pre-existing context_router.py test failures, unrelated to the study.",Reproduced: still in the Phase A baseline failure set (6 IDs).,,"none — carried as baseline failures, not introduced or fixed here",backend/tests/assistant_acceptance/baseline_failure_ids.txt,none,reproduced/unfixed
F38b,study FINDINGS.md #38b (C03),A bare 'Thanks.' after a completed write triggered a real duplicate re-execution of that write.,"Reproduced: 'Thanks.' classifies as ACKNOWLEDGEMENT, which authorizes nothing.",Phase C1.,UtteranceClass.ACKNOWLEDGEMENT has authority over no write; reads still work on that turn.,"tests/test_operation_contract.py::test_thanks_repeats_no_write, ::test_thanks_still_allows_a_read, ::test_c03_acknowledgement_after_a_completed_write; tests/test_grounding_through_the_chat_turn.py::test_a_refused_call_cannot_be_reported_as_done",trial2 (manifest e19baca7): not exercised by these journeys; deterministic only,implemented/unverified
F38c,study FINDINGS.md #38c (C03),"A scoped 'Yes.' confirming Sara's own standing-order proposal was classified CONVERSATIONAL, excluding the needed tool families, producing a false capability denial.",Partially reproduced at the contract level: a confirmation now binds to the pending proposal and its operation kind. The intent-ROUTING half (which tool families are loaded on a 'yes' turn) is unchanged.,Phase C2 scoped proposals.,A CONFIRMATION consumes the pending proposal and executes the originally proposed arguments; a 'yes' cannot authorize a different operation kind than was proposed.,tests/test_operation_contract.py::TestScopedConfirmation (4); tests/test_chat_pending_proposal.py (21),none,partially implemented/unverified — routing half untouched
F38d,study FINDINGS.md #38d (H05),A purpose-built resolve_thread tool was never reached for an active nagging thread; the model called the failing PKG tool instead.,Not reproduced.,,none,none,none,reproduced/unfixed
F38e,study FINDINGS.md #38e (P03),"email_sync conflates 'unavailable' with 'empty': real connection failures, `errors: 0` in its own summary.",Not re-run.,,none (pre-existing),pre-existing tests/test_email_sync_outage_error_accounting.py,none,"superseded with evidence (pre-existing repair, not re-verified live here)"
F39,study FINDINGS.md #39 (I04),A recipe edit silently and permanently rewrites the historical record of what was consumed — recipes_log_made stores no ingredient snapshot.,Not addressed — a data-model gap needing schema.,,none,none,none,reproduced/unfixed
F40,study FINDINGS.md #40 (K03),"Intent misclassification routed 'create a learning topic' to FITNESS, making the real tool unavailable.",Not reproduced.,,none,none,none,reproduced/unfixed
F41,study FINDINGS.md #41,Raw internal/harness exception text can reach the user verbatim on a tool failure.,"Partially addressed: the registry now logs the real exception class and returns a bounded message, but the message still includes str(e) on the generic path.",Phase F.,"execute_tool logs `type(e).__name__` with a traceback before the catch-all (so the funnel sees the defect), reports a signature mismatch separately, and never surfaces an AttributeError from a contract violation.",tests/test_tool_registry_contract_audit.py::TestReturnContractIsEnforced (3),none,partially implemented/unverified
F42,study FINDINGS.md #42,A status value is paraphrased into a friendlier non-literal label ('needs_clarification' for a DB status of 'stuck').,Not reproduced.,,none,none,none,reproduced/unfixed
F43,study FINDINGS.md #43,outbox_processor throws on every event when Neo4j is unavailable; a second distinct failure mode observed 241+ times.,"Not reproduced. Neo4j is deliberately absent from the disposable stack, which is the study's own disclosed cause for the first half.",,none,none,none,environment-blocked (first half); reproduced/unfixed (second half)
C01,convention readiness §6,"Corrections that need a rewrite or a rename are not authorized: only an appended correction. A corrected note keeps its original title, so it still reads 'Globex' at a glance.",Reproduced by reading the stored note from the convention run.,Phase E.,"notes_correct_fact updates the current fact everywhere it is asserted INCLUDING the title, keeps the previous value under a History heading, and leaves dated historical lines accurate.","tests/test_notes_correct_fact_pg.py::TestTheRequiredWorkflow (3), ::TestHistoryIsNotFalsified (2)","trial2 (manifest e19baca7): J1 — the note's title reads 'Priya Raghavan (Initech)', not Globex",implemented/unverified
C02,convention readiness §6,"remember_about_david / the PKG write path: 0 for 4 live, now removed from the offered set. Nothing writes to the PKG from chat.",Not re-run. Still removed from the offered set.,,none,none,none,reproduced/unfixed
C03cand,convention readiness §6,"The celery workers run the working tree, not the candidate — API and workers run different code.",Confirmed still true of the deploy overlay shape.,Release gate.,"Recorded in the release package as a deployment property to decide about, not silently accepted.",none,none,reproduced/unfixed
C04,convention readiness §6,Scheduled reminders and timers: delivery state machine unapplied in production; do not trust a reminder to fire.,Migrations 155-158 still unapplied in production (schema 154 confirmed by read-only inspection).,Release gate.,The release package's migration step is explicit and ordered before the code.,tests/test_reminders_reschedule_pg.py::TestDeliveryStateIsReset (3) covers the reschedule side of the state machine,none,environment-blocked until the migrations are applied
N01,"this task, Phase A","The full suite could not run at all: study runs freeze a source snapshot with its own tests/conftest.py under tests/**/artifacts/, shadowing tests.conftest and aborting collection with ImportPathMismatchError.",Reproduced on the first baseline attempt.,n/a (test infrastructure),pytest.ini norecursedirs excludes artifacts/source_snapshot.,the baseline run itself,n/a,verified fixed
N02,"this task, Phase B","With the real ~3,400-char DB soul, the chat prompt has ALWAYS been capped, trimming ~1,500 chars off the soul's growth section every turn.",Measured while adding the conversation block.,n/a,"Not 'fixed' — it is the documented deliberate behavior (trim the soul, never drop a truth rule). The cap was raised by exactly the new block's size so the soul keeps the budget it had.",tests/test_chat_system_prompt.py::test_a_realistic_db_sized_soul_keeps_every_rule_and_no_less_soul,n/a,"recorded, not a defect"
N03,"this task, Phase F","Two policy authorities decided the same per-call question (round-level target_authorization and execute_tool's boundary), and the round-level one was stricter — its 4-character minimum word match refused 'Scratch the vet one' before the boundary saw it.",Reproduced by inspection; 'vet' is 3 characters.,Phase C3 single boundary.,"The round-level per-call copy was removed; only the genuinely whole-round check (same removal tool, second distinct target) remains, routed through the contract.",tests/test_operation_contract.py::TestPlanRequiredExamples::test_scratch_the_vet_one_cancels_the_uniquely_resolved_reminder; full-suite diff shows no regression,none,implemented/unverified
N04,"this task, Phase F registry audit","Five READ tools were classified as writes (food_log_search, food_log_summary, email_recent, training_schedule, weather), so they needed action evidence to run — on the exact turn David asks a question.",Reproduced by the registry-wide audit.,Phase C1 classification.,A tool name's LAST token decides read-vs-write when it is a read verb; explicit overrides for the ones with no verb at all.,tests/test_tool_registry_contract_audit.py::test_read_tools_are_not_classified_as_writes,none,implemented/unverified
N05,"this task, Phase F registry audit","list_correct_item classified as read-only, because 'list' is a read token and 'correct' was in neither set.",Reproduced by the audit.,Phase C1 classification.,"'correct', 'reschedule', 'rename', 'restore', 'undo', 'insert', 'apply' added to MUTATING_TOKENS.",tests/test_tool_registry_contract_audit.py::test_write_tools_are_not_classified_as_reads,none,verified fixed
N06,"this task, Phase F registry audit",50 declared tool properties across 15 tools carry no description (41 with no enum either).,Reproduced by the audit.,Phase F.,Not fixed — recorded as a strict xfail so the count stays visible.,"tests/test_tool_registry_contract_audit.py::test_every_property_has_a_description (xfail, strict)",n/a,reproduced/unfixed
N07,"this task, Phase F food day attribution","food_log.logged_at holds UTC and the day queries compared it to bare dates, so every meal after ~8pm ET counted on the NEXT day: the day totals David read back were not the day he asked about.","Reproduced deterministically (a 9pm dinner absent from its own day, present on the next).",Phase F.,"local_day_window converts his local day bounds to UTC for the search and summary queries; days_logged counts his days, not UTC days.",tests/test_food_log_correct_pg.py::TestTimestampsAreHisClock (4),none,implemented/unverified
N08,"this task, Phase F lists","list_item.created_at defaults to NOW(), which is TRANSACTION start time, so items added in one call share a timestamp and the list's order was free to change between reads.",Reproduced as a flaky ordering assertion in this task's own test.,Phase F.,"id is now the ORDER BY tiebreaker, so the order is stable between reads. It is NOT insertion order — that needs a position column and is left undone.",tests/test_lists_canonical_and_truthful_pg.py::test_the_order_is_at_least_stable_between_reads,none,"partially implemented/unverified — stable, not insertion-ordered"
N09,"this task, live development pass","""Set a reminder to call the vet at 5pm on October 1st."" — the canonical way a person asks for a reminder — was REFUSED as operation_not_requested_by_message. ""Set"" is genuinely an update verb; nothing in the verb table recognized the request.",Reproduced on the first live journey turn.,Phase C1.,"What makes these creations is the indefinite OBJECT, not the verb: a/an/another/new + a creatable noun (reminder, alarm, timer, note, event, task, list, appointment) requests CREATE. A definite reference (""the vet one"") still does not.",tests/test_operation_contract.py::TestCreationPhrasings (10),trial2 J2 turn 1 — created correctly,verified fixed
N10,"this task, live development pass","""And one for the dentist on October 2nd at 9am."" was refused: an elliptical follow-up names no operation at all.","Reproduced on the second live journey turn, in two separate runs.",Phase C1.,"An elliptical turn (connective opener, no subject, no operation verb of its own, <=14 words) inherits the operation from the tool that ACTUALLY EXECUTED last turn, and only that tool, so it can never escalate.",tests/test_operation_contract.py::TestEllipticalFollowUps (9),"trial2 J2 turn 2 — 'Done — Call the dentist for Friday, October 2nd at 9:00 AM'",implemented/unverified
N11,"this task, live development pass","_last_turn_mutating_tools_for_boundary was ALWAYS EMPTY on the real /chat/stream path: that path POPS _CHAT_INVOKED_MUTATING_TOOL_NAMES[session_id] for its own gate before chat_with_tools is entered, and the boundary peeked afterwards at a different key. The continuation path the boundary has had since 2026-09-25 therefore never fired live at all.",Reproduced by source trace after the elliptical fix did not take effect live.,Phase C3.,"The caller hands the popped list to the boundary explicitly; the peek stays as the fallback for callers that do not (voice lane, tests).",covered by tests/test_execution_boundary_mutation_authorization.py (11) via the explicit attribute,trial2 J2 turn 2 — the fix that finally made the elliptical turn work,implemented/unverified
N12,"this task, live development pass","A truthful READBACK was repaired away as an unsupported completion claim: on ""What time is the vet one set for?"" the reply ""it's set for 5pm"" was treated as a claim that this turn wrote something.",Reproduced live on the status-only journey turn.,Phase D2.,"Claim detection narrowed to ACTION claims (first-person perfective, plus the bare markers that only ever mean ""I just did it""). State descriptions are explicitly out of scope, stated as a limitation in the module docstring: a state description contradicting the record is a stale-read defect, covered by write-invalidation instead.",tests/test_outcome_grounding.py::TestClaimDetection (20),trial2 J2 turn 3 — the readback was returned unedited,implemented/unverified
N13,"this task, live development pass","A requested change that ran NO TOOL AT ALL read as done: ""That was actually 150 grams, not 100."" produced ""Got it — 150g, not 100. That's 248 calories and 46.5g protein."" with zero tool calls and the stored row still at 100g/165cal. No claim pattern can catch this; there is no status verb in it.","Reproduced live on the food journey; DB-verified (one row, 100g, 165cal, no food_log_correct receipt).",Phase D2.,"ground_reply(mutation_expected=True): when the turn ASKED for a change (an instruction with a non-read requested operation, or any correction) and no write completed, the sentences asserting a value are dropped and the real outcome is stated. A turn-level check, not a wording check.",tests/test_grounding_through_the_chat_turn.py::test_a_requested_change_that_never_ran_cannot_read_as_done plus 3 negative cases,trial2 J4 turn 2 — the unwritten correction was reported as not done,implemented/unverified
N14,"this task, live development pass","""Make that two gallons of milk, not one."" was classified INSTRUCTION whose only matched verb was ""make"" (a creation), so list_correct_item was refused and list_add SUCCEEDED — a duplicate ""2 gallons of milk"" alongside ""1 gallon of milk"". DB-verified.",Reproduced live on the list journey.,Phase C1.,"A trailing contrast ("", not X"" at the end) and ""make that/it X"" are corrections. A CORRECTION grants UPDATE and does NOT grant CREATE, so the same turn now authorizes the correction tool and refuses the duplicate-creating one.",tests/test_operation_contract.py (correction cases); tests/test_lists_canonical_and_truthful_pg.py (25),"trial2 J3 turn 3 — one item, corrected in place",implemented/unverified
N15,"this task, live development pass","""Got the bread."" was classified QUESTION — the auxiliary-opener list included ""got"" — so it authorized only reads and checking the bread off was refused.",Reproduced live on the list journey.,Phase C1.,"An interrogative PRONOUN opens a question with or without punctuation; an AUXILIARY does not. ""Got the bread."" is a report, and the imperative-shape fallback then authorizes the completion.",tests/test_operation_contract.py::TestUtteranceClassification,trial2 J3 turn 4 — 'Got the bread.' checked the bread off,implemented/unverified
N16,"this task, live development pass","""Cancel the plant one."" cancelled ""Water the plants"" outright while ""Repot the plant in the office"" was also pending — two rows matched the reference equally well and the call picked one. DB-verified: the wrong one was cancelled.",Reproduced live on the mixed-day journey.,Phase C2.,"For a DESTRUCTIVE or COMPLETING operation, several equally-matching rows now CLARIFY even when the call named one of them. Updates and reschedules still run: naming the wrong one there is recoverable, and refusing every such call would make a multi-item domain unusable.",tests/test_operation_contract.py::TestTargetBinding (8),"not re-exercised: J6's watering reminder was never created, so only one plant candidate existed",implemented/unverified
N17,"this task, full-suite run","tests/test_food_recent_ranking.py::test_logged_today_and_yesterday_reasons fails after 20:00 ET. Its fixture writes logged_at from datetime.now() (naive UTC), so after UTC midnight ""days_ago=0"" is tomorrow in local terms, and the route computes days_since against LOCAL today -> -1 -> reason ""Recent"" instead of ""Logged today"".","Reproduced deterministically; days_since measured as -1. app/routes/fitness.py last modified 2026-09-22, before this session.","n/a (pre-existing test/fixture convention mismatch, same family as N07)",NOT fixed and NOT edited. It is a pre-existing test whose fixture uses the naive-UTC convention while the code under test uses local days; editing it to pass would hide exactly the confusion N07 is about.,"the failure itself, recorded here with its mechanism and its time window",n/a,reproduced/unfixed
N18,"this task, acceptance trial 1+2","A food correction cannot run because the intent classifier routes it away from its own domain: ""That was actually 150 grams, not 100."" classified GENERAL, loading ['memory','notes','time','web','home','fleet'] — no fitness — so food_log_correct was never offered and Sara truthfully said she had no food tool. Reproduced in BOTH acceptance trials.","Reproduced live twice, with the classifier log captured.",Phase F tool discovery.,"A CORRECTION or an elliptical follow-up now keeps the UPDATE/RESCHEDULE/READ tools of whatever domain was written last turn on the menu, whatever the classifier made of the words. Offering authorizes nothing; the boundary still decides.",tests/test_active_domain_tool_retention.py (10),NOT re-run live — the fix landed after the frozen acceptance trial and the generation allocation was spent,implemented/unverified
N19,"this task, acceptance trial 1+2","""Add a reminder to water the plants tonight at 8."" produced NO tool call at all and a false capability denial (""I can read your reminders but I don't have a way to add a new one from here"") — with reminders_create ON the menu (intent TIME, 60 tools, no gate withholding logged). A model tool-selection failure, not an application defect. Reproduced in both trials.",Reproduced live twice; classifier and gate logs captured showing the tool was in hand.,n/a — not an application defect,Not fixable from the application side. What the application now does is make the outcome honest: the grounding layer reports that nothing was written rather than letting the reply imply otherwise.,tests/test_grounding_through_the_chat_turn.py::test_an_unwritten_instruction_keeps_the_reply_and_adds_the_truth,trial2 J6 turn 3 — the reply said plainly that nothing was created,reproduced/unfixed
N20,"this task, acceptance trial 2","A completed action with a non-sequitur reply: ""Scratch the vet one, I already called them."" cancelled the right reminder (receipt + row both correct) and the reply was ""Hey! How's your morning going?"".","Reproduced live once (trial 2, J2 turn 5).",Phase D2 grounding.,"When a write COMPLETED and the reply names none of the objects it changed, the rendered outcome is appended. Conservative: nothing is appended when the outcome has no label, or when the reply already names it.",tests/test_outcome_grounding.py::TestACompletedWriteIsAlwaysReported (4),NOT re-run live — the fix landed after the frozen acceptance trial,implemented/unverified
N21,"this task, acceptance trial 1","A bare authoritative line read as a blanket retraction: after an unwritten change, the NEXT turn opened ""Hold on — I have to own that last 'Done.' ... That 'Done' was wrong of me, and I'm sorry"" about a write that had really happened.","Reproduced live once (trial 1, J2 turn 2).",Phase D2 grounding.,The appended line is scoped to the one request and says explicitly that earlier items stand.,tests/test_outcome_grounding.py::test_the_scoped_line_does_not_read_as_a_blanket_retraction; tests/test_grounding_through_the_chat_turn.py::test_the_scoped_note_names_only_this_request,NOT re-run live,implemented/unverified
N22,"this task, acceptance trial 1","The turn ledger cannot see a previous turn's write, so ""I only said 'logged' in chat, I never actually saved it anywhere"" — about a food entry written one turn earlier — passed the grounding check.","Reproduced live once (trial 1, J4 turn 3).",Phase D1/D2.,"A DENIAL claim is now checked against the durable action_receipt record for this user, not only the per-turn ledger.",tests/test_outcome_grounding.py::TestCrossTurnDenials (3),NOT re-run live,implemented/unverified
N23,"this task, acceptance trial 1","Stripping every sentence containing a digit left ""I didn't change anything — nothing was written."" as Sara's entire answer to ""Add a reminder to water the plants tonight at 8."" — the repair was worse than the problem.","Reproduced live once (trial 1, J6).",Phase D2 grounding.,"Value-assertion sentences are dropped only on a CORRECTION turn, where the value IS the content of the change. On an ordinary instruction the reply survives and the honest outcome is appended.",tests/test_grounding_through_the_chat_turn.py::test_an_unwritten_instruction_keeps_the_reply_and_adds_the_truth,NOT re-run live,implemented/unverified
N24,"this task, acceptance trial 1 (worst single finding)","""Are you sure? You didn't just make that up?"" EXECUTED merge_notes — an unrequested write on a challenge turn. The 'make that X' correction pattern matched 'make that up', a correction implies UPDATE, and the boundary authorized it.","Reproduced live once (trial 1, J1 turn 5), with the tool-call arguments in the log.",Phase C1.,"A turn that is ENTIRELY interrogative with no request frame is a QUESTION, decided before any verb is read out of it. The general rule, not the one phrase.",tests/test_operation_contract.py::TestUtteranceClassification (challenge cases),trial2 J1 turn 5 — she answered the challenge and wrote nothing (receipts: 2 creates + 1 correction only),verified fixed
N25,"this task, final deterministic run","Three tests in tests/test_singular_sara_c5_fold_in.py::TestDeliberationFallback fail after 22:00 ET. `_deliberation_fallback_async` short-circuits outside its 6<=hour<22 waking window (a deliberate 2026-09-02 design choice: 'overnight there is nothing to be a safety net for'), and the tests assert the in-window behavior without freezing the clock.","Reproduced deterministically; the container's local hour measured as 22 and the guard confirmed in source. app/tasks/autonomy.py last modified 2026-09-02, before this session.","n/a (pre-existing test/clock dependency, same family as N17)","NOT fixed and NOT edited. Same reasoning as N17: these are pre-existing tests whose fixtures do not control the clock, and the plan is explicit that fixture date drift must not be scored as a defect, nor the queue/authentication clocks indiscriminately frozen.","the failures themselves, recorded with the exact mechanism and the hour window",n/a,reproduced/unfixed
N26,"this task, conversation acceptance run","The grounding layer's honest line landed on ORDINARY CONVERSATION. 'No advice, I just need to vent for a second...' classified CORRECTION (the '^no[,\s]' pattern), and ""My dad has tests tomorrow. He's being casual about it."" classified INSTRUCTION (the contracted pronoun ""he's"" was not in the non-imperative opener set, so the fragment read as a command about ""it""). Both then read as requesting a mutation, and the reply to each had 'On that last change specifically: nothing was written' appended to it. This is the single worst class of defect for the original complaint: machinery intruding on a vent and a disclosure about David's father.",Reproduced live on the 12-case conversation set; both classifications measured directly.,Phase C1 / D2.,"Three fixes: a contracted pronoun is still a pronoun (contraction tail stripped before the opener check); 'No,' opens a correction only when it contradicts something; and a CORRECTION only counts as REQUESTING a change when it carries a value or a contrast ('not X', 'instead', a digit, a quoted value) — belt and braces, so a misclassification alone cannot reach the grounding check. Also: an uninflected-verb check and a 3-word minimum, so 'Looks embarrassed about it.' and 'One leaf.' are no longer imperatives.","verified against all 19 conversational lines from the 12 cases: 0 request a mutation, while all 10 real requests still classify correctly",NOT re-run live in full — the allocation was nearly spent when this was found; see the spot-check note in the status document,implemented/unverified
N27,"this task, final deterministic run","Five tests in tests/test_unified_notification.py fail late at night: the service returns status 'held_asleep' instead of delivering, because it suppresses notifications during David's sleep window, and the tests do not control the clock (observed 'held_asleep' == 'no_tokens', and a 0.25 vs 0.0 cooldown assertion).","Reproduced deterministically after 23:00 ET; the 'held_asleep' status is conclusive. app/services/unified_notification.py last modified 2026-09-13, before this session.","n/a (pre-existing test/clock dependency — the third such family, with N17 and N25)","NOT fixed and NOT edited, for the same reason as N17/N25.","the failures themselves, recorded with the mechanism",n/a,reproduced/unfixed
N28,"2026-09-29 correction, gap 1","The authorization fallback granted five operation kinds at once. An imperative whose verb the application did not recognise, plus a reference to one of David's own objects, contributed UPDATE, RESCHEDULE, COMPLETE, CANCEL and CONTROL together — so an unknown verb could authorize a destructive operation the words never named.",Reproduced deterministically: the removed branch is quoted in operation_contract.py where it used to sit.,Phase C1 authority matrix.,"The wildcard is deleted. `unresolved_imperative()` replaces it: a plainly-imperative sentence about one of David's objects whose operation cannot be identified now yields CLARIFY with reason `instruction_names_no_identifiable_operation`, and grants NOTHING. Verbs with actual evidence behind them were added to the word lists instead ('scratch' to CANCEL from the plan's worked example; 'got'/'picked up'/'grabbed'/'already did'/'already have' to COMPLETE from the live list journey).","tests/test_operation_contract.py (124 passing), incl. test_an_unlisted_imperative_verb_grants_NOTHING, test_the_unclear_instruction_asks_rather_than_acts_or_refuses, and test_no_unknown_verb_grants_a_destructive_operation parametrized over 'Bin the vet one.' / 'Yeet the vet one.' / 'Sort the vet one out.'",NOT re-run live — 23 requests remain and no allocation was granted for it,implemented/unverified
N29,"2026-09-29 correction, gap 2","Grounding decided which record a reply was talking about by matching the words of a generated sentence against the words of an entity's label. That binds to the wrong object when a reply names two, and to nothing at all when a reply names none; and it could only ever say 'supported'/'unsupported', never what the record actually says now.","Reproduced deterministically: the two helpers (`_claim_targets`, `_reply_ignores_every_completed_target`) and their word-overlap test are in the pre-change file.",Phase D2: 'readbacks from fresh records keyed by stable IDs'.,"Both helpers deleted. `reference_resolution.read_current_state(db, owner_id, domain, target_id)` reads the row back by stable id, owner-scoped, with a renderer per domain and None (never invented content) for another owner's row or an unrenderable domain. `outcome_grounding.read_back()` pairs each outcome with what its record says now, once per turn; `render_current_state()` renders it; `ground_reply` is turn-level (every write completed -> claims stand, and a completed write the reply did not report gets the current state appended; anything else -> every action claim is removed and the current state is stated). Wired at main_simple._finalize_response_content with a short-lived session per readback.","tests/test_outcome_grounding.py + tests/test_grounding_through_the_chat_turn.py (91 passing), incl. TestTheReadbackComesFromTheRecord (the row is looked up by id; a row that cannot be read falls back to the outcome rather than inventing one; a write that did not succeed is never read back as state) and, end to end through the real turn, test_the_appended_state_is_read_from_the_row_not_the_tool_result (the tool reports '5pm today', the reply carries the ROW's time) and test_another_owners_row_is_never_read_back",NOT re-run live,implemented/unverified
N30,"2026-09-29 correction, gap 3","An explicit request that produced no tool call was reported honestly and then simply lost. 'Scratch the vet one, I already called them.' — a CANCEL the contract would have authorized, against a reminder that existed — was answered 'Hey! How's your morning going?' with no call, so David had to ask again.",Reproduced live on the acceptance trial (run_20260928_reliable); the receipts and the row both showed no cancellation.,"Phase C/D: the request contract owns what was asked for, not the model.","app/services/request_recovery.py derives at most one call from David's own words and executes it through `execute_tool`, so the operation contract authorizes it on the same evidence and the durable receipt gives it the same idempotency. Four independent bounds: one attempt per turn (flag set BEFORE the attempt); exactly one identified non-read operation; exactly one resolved target, with the DOMAIN decided by which of David's own rows matched rather than by which tools were on the menu; and no invented arguments — CREATE, CAPTURE and UPDATE are excluded because they need content composed from prose, and a reschedule needs exactly one explicit clock time or it declines.","tests/test_request_recovery.py (18) + 3 end-to-end in tests/test_grounding_through_the_chat_turn.py: the vet cancellation is recovered; an unknown verb, two matching rows, no matching row, another owner's row, a question, a hypothetical, a create, two matching domains and a vague time all recover nothing; recovery runs at most once per turn; a turn whose call FAILED is not silently retried",NOT re-run live,implemented/unverified
N31,"2026-09-29 correction, gap 4","The acceptance stack pinned only the api and one generic worker to the candidate. Production and dev both run five worker roles, so a candidate validated on that stack had its background half exercised by one of the five.",Reproduced by reading docker-compose.assistant-acceptance.yml against docker-compose.dev.yml.,Plan §10: change code only between frozen runs; the validated bytes and the deployable bytes are the same bytes.,"docker-compose.reliable-assistant.yml now declares all five roles (general on cognitive/health/input/maintenance/low_priority/reflection/dispatch, critical, david_priority, acs, beat), each mounting ${ASSISTANT_ACCEPTANCE_SNAPSHOT} at /app exactly as api does; beat writes its schedule to /tmp so it cannot alter the bytes the manifest certifies.","All five started against the candidate (artifacts/run_20260929_workers): each printed its own queue set, four answered `celery inspect ping` over the disposable broker, and a sha256 over the four modules this task owns is identical in all five containers and on the host snapshot (c9b52336eed7c4f8)","n/a — deterministic infrastructure check, no generation",verified
N32,"2026-09-29 correction, gap 4","The workout-set correction was the one Phase C4 operation still missing. With no way to fix a logged set, the only move available is a corrected copy — and workout_log is what progressive_overload.py reads, so a phantom set does not merely read wrong, it prescribes wrong.",Reproduced by inspection: no update path existed for workout_log in any tool.,Phase C4: expose coherent operations; do not require improvised delete/create pairs.,"WorkoutLogCorrectTool ('workout_log_correct') updates one row in place, owner-scoped, validates RPE 1-10 and positive weight/reps, refuses a no-op truthfully, and reads the row back so the message states what the table holds. Registered in the fitness family and in get_fitness_tools; the contract reads it as UPDATE on the fitness domain, so the active-domain retention added earlier offers it on a correction turn.","tests/test_workout_set_correction.py (14), incl. no second set appears, another owner's set is untouchable, an impossible RPE and a zero weight are refused without writing, a no-op says so rather than claiming a change, and the retention decision actually offers it",NOT re-run live,implemented/unverified
N33,"2026-09-29 correction, gap 5","Three prompt sections (Voice, Priority, Conversation, ~2,540 chars) stated the same rules repeatedly in different words — 'no menus of options' twice, 'no service offers' twice, 'a greeting gets a greeting' alongside 'answer the invitation he actually made', 'meet him where he is first' alongside 'a story wants to be heard to the end'. The father, breakfast and unwanted-advice cases failed while every one of those rules was present.",Reproduced by reading the assembled prompt; the duplicate pairs are named in the source comment.,Phase B: the assembled conversational instruction set.,"Merged into two non-overlapping sections (~1,420 chars): Voice keeps the mechanics of a reply, Conversation states each distinct rule exactly once. MAX_PROMPT_CHARS lowered 7,800 -> 6,750 so the ~1,120 freed characters are given back rather than spent on soul tail; the soul's own budget lands at ~1,875, a hair above the 1,870 it had before any of this. _priority_block() is kept as an empty-returning name because tests/conversation_eval/prompts.py composes its own variants from these blocks.","tests/test_chat_system_prompt.py (41), incl. every named rule still assembled, no length limit, no obligatory question, and the soul budget not reduced",NOT established. Whether the model's behavior on the father / breakfast / unwanted-advice cases changes is a live-conversation question and no live check has been run against the simplified prompt.,implemented/unverified
N34,"2026-09-29 correction, gap 6","There was no candidate IMAGE, no migration run from the candidate's own alembic, and no recovery destination that had ever been started. A bind-mounted snapshot proves the bytes on the host; what deploys is an image, and 'downgrading migrations is an outage, not a rollback'.","Reproduced by inspection of the release package: it named a snapshot directory and a migration list, and nothing had been built or restored.","Plan §11/§12: release and recovery package, rehearsed.","backend/scripts/build_reliable_candidate_image.sh builds sara-reliable-candidate:20260929 on the already-validated jarvis-backend:latest dependency layer (so the only new variable is application code), strips stray .pyc, and verifies the code INSIDE the container against the validated manifest. backend/scripts/rehearse_reliable_release.sh loads the checked-in pre-release production schema capture, stamps 154, dumps it as the recovery destination, applies 155-158 from the candidate image's own alembic, checks every object the candidate queries, restores the dump into a fresh database and proves it is the PREVIOUS release (delivery_status absent) and queryable, then starts the candidate image against the released schema and runs the four-capability readiness probe.","image: 916/916 files match manifest sha256 27932826a312cba3eaf541ff2c0c8ca898c8328260b3f5cba437e32cdbf6bf3d, and the six modules this task added import inside it. rehearsal: REHEARSAL PASSED (see /tmp artifacts path in the run log).","n/a — deterministic, disposable databases only; nothing production can see was touched",verified
N35,"2026-09-29 correction, gap 6 (found by the rehearsal)","`alembic upgrade` cannot build the schema from an empty database: the first ALTER TABLE fails with `relation ""episode"" does not exist`. The migration history assumes a pre-alembic baseline. A release or recovery plan resting on 'the migrations can rebuild it' would be a plan that cannot recover.","Reproduced directly: the first rehearsal attempt failed exactly that way, and the behavior is already documented in docs/plans/incidents/2026-09-22_test_run_against_live_db.md §7.","n/a — pre-existing property of the migration history, not introduced here.","NOT fixed; out of scope, and not something to change inside a release rehearsal. The rehearsal now starts from tests/fixtures/sara_hub_schema.sql, the checked-in schema-only capture of production, which has saved_meal (154) and lacks chat_pending_proposal (155) and revoked_token (156) — i.e. it IS the pre-release state — and stamps 154 before applying the release.","the failure itself, and the rehearsal that works from the real capture instead","n/a — deterministic, disposable databases only",reproduced/unfixed
N36,"2026-09-29 correction, controlled-clock requirement",tests/test_location_freshness.py::test_stale_or_future_location_report_is_ignored_before_database_work[observed_at2] fails in the candidate's full suite and not in the baseline's. It was the ONLY candidate-only failure out of 57.,"Established by controlled-clock comparison, not by file dates: backend/scripts/controlled_clock_suite_compare.sh ran the whole suite against the 2026-09-24 frozen snapshot and against the candidate within four minutes of each other, each on its own freshly created database. 56 of the 57 failures were present in BOTH. This one passed in BOTH when the file was run alone. Mechanism then demonstrated causally: the parametrized instant is `datetime.now(timezone.utc) + timedelta(minutes=2)`, evaluated once at module import (collection); once the suite takes longer than two minutes to reach the test, that value is neither in the future nor yet stale (the staleness window is ten minutes), so the guard under test never fires and execution reaches classify() with the deliberately-None db. Calling process_report with that same instant after two minutes reproduces the identical AttributeError on unmodified product code.","n/a — a test-determinism defect, not product behavior. This task lengthened the suite (~170 added tests), which is what exposed it.",FIXED IN THE TEST ONLY: the offset is turned into an instant inside the test body rather than in the parametrize list. Product code untouched. The test comment records the mechanism and how it was established.,tests/test_location_freshness.py (5 passing); the controlled-clock artifacts show 56/57 failures in both trees and this one in neither tree when isolated,n/a — deterministic,verified fixed
N37,"2026-09-29 correction, reconciliation","The 'nine extra test failures' figure in the earlier status document was a point-in-time count from one late-night run, and the failure SET has since changed: the test_unified_notification and test_singular_sara_c5_fold_in clock families do not reproduce at this hour, while 56 other failures do.","Established by the same controlled-clock run: 57 candidate failures against 56 baseline failures, with the full three-way split recorded (both / baseline only / candidate only).","n/a — reporting, not behavior.","The figure is superseded. The reconciliation is the three-way split itself rather than a count: every failure except N36 is present in the 2026-09-24 baseline at the same moment, and N36 is explained and fixed. Stated limit of the baseline: it also predates David's own 09-25..09-28 working-tree changes, so a candidate-only failure could in principle belong to either — which is exactly why N36 was chased to a demonstrated mechanism rather than left at 'absent from the baseline'.","the comm-based three-way split in /tmp/claude-1000/cc_full, plus the isolated re-runs",n/a — deterministic,verified
